{
	"sources" : 
	[
		{
			"file" : "C:/Users/loren/GreatestGame/cmake-build-debug/_deps/raylib-subbuild/CMakeFiles/raylib-populate"
		},
		{
			"file" : "C:/Users/loren/GreatestGame/cmake-build-debug/_deps/raylib-subbuild/CMakeFiles/raylib-populate.rule"
		},
		{
			"file" : "C:/Users/loren/GreatestGame/cmake-build-debug/_deps/raylib-subbuild/CMakeFiles/raylib-populate-complete.rule"
		},
		{
			"file" : "C:/Users/loren/GreatestGame/cmake-build-debug/_deps/raylib-subbuild/raylib-populate-prefix/src/raylib-populate-stamp/raylib-populate-build.rule"
		},
		{
			"file" : "C:/Users/loren/GreatestGame/cmake-build-debug/_deps/raylib-subbuild/raylib-populate-prefix/src/raylib-populate-stamp/raylib-populate-configure.rule"
		},
		{
			"file" : "C:/Users/loren/GreatestGame/cmake-build-debug/_deps/raylib-subbuild/raylib-populate-prefix/src/raylib-populate-stamp/raylib-populate-download.rule"
		},
		{
			"file" : "C:/Users/loren/GreatestGame/cmake-build-debug/_deps/raylib-subbuild/raylib-populate-prefix/src/raylib-populate-stamp/raylib-populate-install.rule"
		},
		{
			"file" : "C:/Users/loren/GreatestGame/cmake-build-debug/_deps/raylib-subbuild/raylib-populate-prefix/src/raylib-populate-stamp/raylib-populate-mkdir.rule"
		},
		{
			"file" : "C:/Users/loren/GreatestGame/cmake-build-debug/_deps/raylib-subbuild/raylib-populate-prefix/src/raylib-populate-stamp/raylib-populate-patch.rule"
		},
		{
			"file" : "C:/Users/loren/GreatestGame/cmake-build-debug/_deps/raylib-subbuild/raylib-populate-prefix/src/raylib-populate-stamp/raylib-populate-test.rule"
		},
		{
			"file" : "C:/Users/loren/GreatestGame/cmake-build-debug/_deps/raylib-subbuild/raylib-populate-prefix/src/raylib-populate-stamp/raylib-populate-update.rule"
		}
	],
	"target" : 
	{
		"labels" : 
		[
			"raylib-populate"
		],
		"name" : "raylib-populate"
	}
}